Key,Id,English(en),Korean(ko)
"Action/General/TabMenu",153294960254976,"Map/Objectives/Notes","맵/목표/노트"
"Action/Item/Close",153978224959488,"Close","닫기"
"Action/Item/Equip",154039403077632,"Equip","착용"
"Action/Item/Read",153926857318400,"Read","읽기"
"Action/Item/Toggle",153696342564864,"Toggle","켜기/끄기"
"Action/Item/Use",153874512404480,"Use","사용"
"Action/Lab/DropLabEquipment",154701138419712,"Drop Lab Equipment","실험 기구 내려놓기"
"Action/Lab/HoldLabEquipment",154478303436800,"Hold Lab Equipment","실험 기구 들기"
"Action/Lab/InsertSample",154175155920896,"Insert Sample","샘플 넣기"
"Action/Lab/Inspect",154354168815616,"Inspect","자세히 보기"
"Action/Lab/Mix",154648122417152,"Mix","섞기"
"Action/Lab/Pour",154099863969792,"Pour","붓기"
"Action/Lab/RetrieveSample",154407788797952,"Retrieve Sample","샘플 회수"
"Action/Lab/SelectSlot",153602390155264,"Select Slot","슬롯 전환/선택"
"Action/Lab/StartSynthesizer",154583899234304,"Start Synthesizer","조합 기계 작동"
"Action/Lab/UseCure",154790632284160,"Use Cure","치료제 사용"
"Action/Lab/UseLabEquipment",154243577602048,"Use Lab Equipment","실험 기구 사용"
"Action/Puzzle/PlayRecording",155272922718208,"Play Recording","녹음 재생"
"Action/Puzzle/RepairEngine",154890955841536,"Repair Engine","엔진 수리"
"Action/Puzzle/ReplaceBattery",155068429426688,"Replace Battery","배터리 교체"
"Action/Puzzle/TransmitFinalMessage",155177007374336,"Transmit Final Message","최종 메시지 송신"
"Action/Puzzle/Unscrew",154987592605696,"Unscrew","나사 제거"
"CrewRoom1LockerKey",176368967409664,"","라커 열쇠"
"Item/Name/BackroomEsacapeHintMemo",175919740674048,"Trash Can Note","쓰레기통 메모"
"Item/Name/BioDataExtractor",176215418134528,"Biodata Extractor","생체 데이터 추출기"
"Item/Name/BlueBattery",176851828269056,"Blue Battery","청색 배터리"
"Item/Name/EnergyBar",178733778919424,"Energy Bar","에너지바"
"Item/Name/EscapeDoorHydraulicValve",178828406611968,"Escape Door Hydraulic Valve","탈출실 문 유압 밸브"
"Item/Name/EscapeRoomDoorKey",178920953929728,"Escape Room Door Key","탈출실 문 열쇠"
"Item/Name/Flashlight",179038826455040,"Flashlight","손전등"
"Item/Name/FlashlightBattery",179180459712512,"Flashlight Battery","손전등 배터리"
"Item/Name/Fuse",179274273710080,"Fuse","퓨즈"
"Item/Name/GreenBattery",178032877166592,"Green Battery","녹색 배터리"
"Item/Name/Hammer",179335112089600,"Hammer","망치"
"Item/Name/KeyPadManual",179391659696128,"Keypad Manual","키패드 매뉴얼"
"Item/Name/LabIDCHM",179760074776576,"Senior Chemist ID Card","수석 화학 연구원증"
"Item/Name/LabIDSEC",180092150407168,"Security Researcher ID Card","보안 연구원증"
"Item/Name/LockerKey",176669329907712,"Locker Key","라커 열쇠"
"Item/Name/MedicalKit",180160597254144,"Medical Kit","의료 키트"
"Item/Name/MorseCodeChart",180322233147392,"Morse Code Chart","모스부호 표"
"Item/Name/PetriDish",180618145488896,"Petri Dish","페트리 접시"
"Item/Name/RadarSystemManual",180694418907136,"Radar System Manual","레이더 시스템 매뉴얼"
"Item/Name/RedBattery",178614698434560,"Red Battery","적색 배터리"
"Item/Name/Screwdriver",180787830251520,"Screwdriver","드라이버"
"Item/Name/ThermalSyringe",180858227449856,"Thermal Recovery Syringe","급속 체온 회복 주사기"
"Item/Name/Thermometer",181037844324352,"Thermometer","체온계"
"Item/Name/ToolKit",181108375740416,"Toolbox","공구상자"
"Item/Name/YellowBattery",178684923666432,"Yellow Battery","황색 배터리"
"Menu/BackText",121028192165888,"Back [Esc]","뒤로 가기 [Esc]"
"Menu/Conrtols/EquipUnequipItem",123918189256704,"Equip/Unequip Item","인벤토리 아이템 들기/해제"
"Menu/Controls",118126161616896,"Controls","조작법"
"Menu/Controls/Dodge",123598281302016,"Dodge","회피"
"Menu/Controls/DropItem",124572903333888,"Drop Item","아이템 버리기"
"Menu/Controls/HoldLabEquipment",124738595119104,"Hold Lab Equipment","실험 기구 들기"
"Menu/Controls/Interact",124296448368640,"Interact","상호작용"
"Menu/Controls/Jump",123552148152320,"Jump","점프"
"Menu/Controls/Move",119572747706368,"Move","상하좌우 이동"
"Menu/Controls/PickUpItem",124360470224896,"Pick Up Item","아이템 획득"
"Menu/Controls/Run",123262242054144,"Run","달리기"
"Menu/Controls/SwitchInventorySlot",124076733947904,"Switch Inventory Slot","인벤토리 슬롯 교체"
"Menu/Controls/ToggleItem",124638640660480,"Toggle Item On/Off","아이템 켜기/끄기 상호작용"
"Menu/Controls/ToggleMenu",123665323057152,"Open/Close Menu","메뉴 열기/닫기"
"Menu/Controls/ToggleTabMenu",123770147102720,"Open/Close Tab Menu (Map, Objectives, Notes)","탭 메뉴 (지도, 목표, 노트) 열기/닫기"
"Menu/GameSetting",115379253207040,"Setting","세팅"
"Menu/GameSetting/Difficulty",119296871555072,"Monster Difficulty","괴물 난이도"
"Menu/GameSetting/Difficulty/Easy",120281203400704,"Easy","쉬움"
"Menu/GameSetting/Difficulty/Hard",120369854210048,"Hard","어려움"
"Menu/GameSetting/Language",24920907776,"Langauge","언어"
"Menu/GameSetting/MouseSensitivity",118925054894080,"Mouse Sensitivity","마우스 감도"
"Menu/HeaderText",120687778258944,"Menu","메뉴"
"Menu/Return",118069689507840,"Return","돌아가기"
"Menu/Return/Quit",119538773843968,"Quit Game","게임 종료"
"Menu/Return/ReturnToTitle",119451372937216,"Return To Title","타이틀로 돌아가기"
"Menu/SoundSetting",117989729296384,"Sound","음향"
"Item/Name/Wetsuit",181206459539456,"Diving Suit","잠수복"
"Action/General/DropItem",183539587276800,"Drop Item","아이템 버리기"
"Interact/Open",293349120991232,"Open","열기"
"Interact/Close",293349255208960,"Close","닫기"
"Interact/Search",293349255208961,"Search","탐색"
"Interact/ExtractBioData",293349255208962,"Extract Biodata","생체 데이터 추출"
"Interact/AlreadyFull",293349255208963,"Already Full","이미 가득 차 있습니다."
"Interact/ViewCCTV",293349255208964,"View CCTV","CCTV 보기"
"Interact/LockedKeyRequired",293349255208965,"Locked (Key Required)","잠김 (키 필요)"
"Interact/Inspect",293349255208966,"Inspect","자세히 보기"
"Interact/ItemRequired",293349255208967,"{0} Required","{0} 필요"
"Interact/BrokenRepairRequired",293349255208968,"Broken (Repair Required)","고장 (수리 필요)"
"Interact/Locked",293349255208969,"Locked","잠김 "
"Interact/StillLocked",293349255208970,"Still Locked","여전히 잠김"
"Interact/TurnOffPower",293349255208971,"Turn Off Power","전력 끄기"
"Interact/RestorePower",293349255208972,"Restore Power","전력 복구"
"Interact/PermanentFailure",293349255208973,"Permanent Failure","영구 고장"
"Interact/SwitchboardWireConnectionRequired",293349255208974,"Switchboard Wire Connection Required","배전반 전선 연결 필요"
"Interact/EngineRepairRequired",293349255208975,"Engine Repair Required","엔진 수리 필요"
"Interact/PowerRestorationRequired",293349255208976,"Power Restoration Required","전력 복구 필요"
"Interact/Unlock",293349255208977,"Unlock","잠금 해제"
"Interact/DoorBroken",293349255208978,"Door Broken","문 고장"
"Interact/FloodEscapeRoom",293349255208979,"Flood Escape Room","탈출실 물 채우기"
"Interact/EnterPassword",293349255208980,"Enter Password","비밀번호 입력"
"Interact/UseDatabaseMonitor",293349255208981,"Use Database Monitor","데이터베이스 모니터 사용"
"Interact/NoCompoundDetected",293349255208982,"No Compound Detected","결과물 미존재"
"Interact/MixingRequired",293349255208983,"Mixing Required","섞기 필요"
"Interact/DropMonsterBlood",293349255208984,"Drop Monster Blood","괴물 피 떨어뜨리기"
"Interact/ExtractorIsEmpty",293349255208985,"Extractor Is Empty","추출기 비어있음"
"Interact/ViewRadar",293349255208986,"View Radar","레이더 보기"
"Interact/Repair",293349255208987,"Repair","수리"
"Interact/PlayRecording",293349255208988,"Play Recording","녹음 재생"
"Interact/RepairEngine",293349255208989,"Repair Engine","엔진 수리"
"Interact/UseMorseRadio",293349255208990,"Use Morse Radio","모스 무전기 사용"
"Interact/AutoMode",293349255208991,"Auto Mode","자동 모드"
"Interact/OpenTorpedoTubeDoor",293349255208992,"Open Torpedo Tube Door","어뢰관 문 열기"
"Interact/CurrentTorpedoLoadModeAuto",293349255208993,"Current Torpedo Load Mode: AUTO","현재 어뢰 탑재 모드: 자동"
"Interact/CurrentTorpedoLoadModeManual",293349255208994,"Current Torpedo Load Mode: MANUAL (Torpedo Room)","현재 어뢰 탑재 모드: 수동"
"Interact/ActivateTorpedoLoadPanel",293349255208995,"Activate Torpedo Load Panel","어뢰 탑재 패널 활성화"
"Interact/AlreadyUnlocked",293349255208996,"Already Unlocked","이미 잠금 해제 됨"
"Interact/TightenScrew",293349255208997,"Tighten Screw","나사 조이기"
"Interact/AccessAlarmControlPanel",293349255208998,"Access Alarm Control Panel","경보 관리 패널 접근"
"Interact/UnableToOpen",293349255208999,"Unable To Open","열기 불가"
"Interact/EscpaeDoorHydraulicPanelBroken",293349255209000,"Escape Door Hydraulic Panel is broken.","탈출실 문 유압 패널 고장"
"Interact/EscapeDoorHydraulicPanel",293349255209001,"Escape Door Hydraulic Panel","탈출실 문 유압 패널 "
"Puzzle/RecordingDevice/RecordingText",471890269757440,"An anomalous deep-sea creature signature—never before documented—has been detected within capturable range between Z-coordinates -25 and 25. A torpedo made a direct hit, but the contact reappeared 5 minutes later. The capture equipment currently onboard may not be sufficient to handle it. Requesting formal capture authorization and a support submarine equipped with additional capture gear.","z좌표 -25 ~ 25에서 지금까지 본 적 없는 비정상적 심해 생물 반응을 포획 가능한 사정거리 내에서 포착했습니다. 어뢰 1발을 적중하였으나 5분 뒤 다시 나타났습니다. 현재 탑재된 포획 장비로는 감당하기 어려울 수 있으니, 포획 허가 승인 및 추가 포획 장비 지원 잠수함을 요청합니다."